Fund Name,P1,P2,P3,P4,P5,distance negative,distance positive,Topsis Score,Rank
M1,0.3585081210204767,0.3452772965616802,0.4037198940641526,0.302370386415443,0.3128527659553382,0.2208911832935562,0.26562721975995685,0.45402431214767425,5
M2,0.4190354661278299,0.4740247630762051,0.4037198940641526,0.40724660152350206,0.4096062901204899,0.3918744462914844,0.07444875629788007,0.8403494488704688,1
M3,0.28866887666583835,0.22238198761599745,0.39595604994753425,0.2778538685979746,0.28805046661350997,0.13740409742015317,0.38787588068021983,0.261582590520702,7
M4,0.3166045744076937,0.26919924816673374,0.27173454408164116,0.31803371724327,0.3153084391574994,0.10896959394353777,0.3417515136031597,0.24176723059779898,8
M5,0.42369141575147246,0.4857290782138891,0.38819220583091596,0.24993227886141348,0.2666861097547074,0.33453951695664547,0.28611310930851064,0.5390124891112972,2
M6,0.27935697741855325,0.21067767247831334,0.3260814528979694,0.46104673784516875,0.4474236574337725,0.2847685403322206,0.32027632400536316,0.4706569002019237,4
M7,0.3072926751604086,0.2574949330290497,0.34160914113120605,0.4658138385318987,0.4538084077593917,0.30103087691602315,0.263623287039172,0.5331243372180458,3
M8,0.40041166763325964,0.4330596600943108,0.2639706999650228,0.2690006816083333,0.27331642740054274,0.2539991171922131,0.30685277453680904,0.4528809137278149,6
